球队名(*),简称,分组,队标地址
慕华联,,A,"data:image/jpeg;base64,/9j/4AAQSkZJRgABAQAAAQABAAD/4gHYSUNDX1BST0ZJTEUAAQEAAAHIAAAAAAQwAABtbnRyUkdCIFhZWiAH4AABAAEAAAAAAABhY3NwAAAAAAAAAAAAAAAAAAAAAAAAAAAAAAAAAAAAAQAA9tYAAQAAAADTLQAAAAAAAAAAAAAAAAAAAAAAAAAAAAAAAAAAAAAAAAAAAAAAAAAAAAAAAAAAAAAAAAAAAAlkZXNjAAAA8AAAACRyWFlaAAABFAAAABRnWFlaAAABKAAAABRiWFlaAAABPAAAABR3dHB0AAABUAAAABRyVFJDAAABZAAAAChnVFJDAAABZAAAAChiVFJDAAABZAAAAChjcHJ0AAABjAAAADxtbHVjAAAAAAAAAAEAAAAMZW5VUwAAAAgAAAAcAHMAUgBHAEJYWVogAAAAAAAAb6IAADj1AAADkFhZWiAAAAAAAABimQAAt4UAABjaWFlaIAAAAAAAACSgAAAPhAAAts9YWVogAAAAAAAA9tYAAQAAAADTLXBhcmEAAAAAAAQAAAACZmYAAPKnAAANWQAAE9AAAApbAAAAAAAAAABtbHVjAAAAAAAAAAEAAAAMZW5VUwAAACAAAAAcAEcAbwBvAGcAbABlACAASQBuAGMALgAgADIAMAAxADb/2wBDACAWGBwYFCAcGhwkIiAmMFA0MCwsMGJGSjpQdGZ6eHJmcG6AkLicgIiuim5woNqirr7EztDOfJri8uDI8LjKzsb/2wBDASIkJDAqMF40NF7GhHCExsbGxsbGxsbGxsbGxsbGxsbGxsbGxsbGxsbGxsbGxsbGxsbGxsbGxsbGxsbGxsbGxsb/wAARCADJAMkDASIAAhEBAxEB/8QAGgAAAwADAQAAAAAAAAAAAAAAAAQFAgMGAf/EADwQAAICAQIDBgMFBgYCAwAAAAECAAMEBRESITETIkFRYXEUIzKBkaGx0TNCUsHh8AYVNWJygjSSVGTx/8QAFgEBAQEAAAAAAAAAAAAAAAAAAAEC/8QAHBEBAQEBAQEBAQEAAAAAAAAAAAERMSFBURIC/9oADAMBAAIRAxEAPwDoIQhAIQhAIQhAITRk5dOKu9rgHwHiZJv1bIvJXGTgXz6mBastrqXisdVHqYlbrGLXyUs5/wBokVwC3FkXF28gdzMqke3/AMfGLepG8uJv4efW7G/Y44+07zWdTz26Io/6z1NOz7OpSse82DRrj9eVt7An+ceHrT8fqPmPuE9GpZ69VU/9Zv8A8k/+03/r/WeHRbB9GUftX+seHrBdavT9rjgj03EZq1rGfk4dD6jcRVtMzk+mxH+2K21X1c8jFO38QEeHroqb6rxvVYrexmycoorJDVWGtvDeOU6ll42wuHap5nr98YbF+EVxc+jK5I2zfwnrGpFEIQgEIQgEIQgEIQgEITFmVFLMQFA3JMD0nYbmSc3VufZYnebpx/pF87PszXNVHdqHU+fvFalZ3FOKvE56tLiWvHADF8hi7nw3jOPg5WWAduxq9ZRwtLro2e35lvr0EfY8Kk7b7DeNM/SWPpWNRsSvaN5t+kYtyKqHrrY7Gw7KAJOxRl5lYyUyuE8WxTbkBNutIfhUtH1VsDuJFMjLBz2xShBC8QbfrNdeW7apZjELwKu4Pj0H6xC2+743GzLa1rQkKNjvy/sxqzua/VsP2lXP8f0lB8c6aw2M7DsjsF5dDsJtwMmzItyFcjat9l2En5NJyM7MZPrrCsv2bTbotnysqxj48R/GBvGpOb7UXGexa224kO/4R5HDVByCoI32bltJGlDKUdqlaGq1+8SeY5zdrPFvRx7/AA/F3yJAzfp+LkjcoAT+8nKTb9Mycbc0N2qeXj90dwsY05TPQw+Fdd1AO/Pl/WbG1PHXKahm2I5cR6byiBsjt3d6rAenrKOHqr0sKssEjwfxj2Zp9OYvF9L7cnWRb6rMZuyyV3U/Swl6nsdIjK6hlIKnmCJlOcxMuzAcc+OhvD9J0FNqX1iytgynxmVZwhCAQhCAQhCAdJA1HNbMt7Gk7VDqfP1jOs5hA+FqPeb6tvLykxa2LLj0jexvqMsSsqanyLBj445fvNLlNNGm4xY8gB3mPUzPCxExKQi82P1N5mK5GVZj5bJlqGxrOSkDkI6smH6rEtrV0O6tzBmcg42ScO1nrV2wmbYEjp7S4jrYgdCCpG4IkEqlxpuoWVWHhot7ynwE3V2vqNOWnCOz+ms7dT/e0etqrtG1iKwHmJ4ClahVAAHgICfwD3adVRawR0PUDeMtio19VzM3HUNgR4+8yNh8OUx4ifGE17XjVV3WWqDx2fVuZqTAqrpuqqLKLRzPXabNz5mHEfMwa0YmHkYrogyA1A33Ursf73i9mRdjHIryq3tV9+zIG49pQFjD1mYsB68oXUuqx9O0kce/a2E8Cnw3nunUAK+Pk47cbd4sw3BjOdhHJZLa7OGyv6d+YjGObTSpvVVs8QvSBnWi1oqINlUbATG+mvIrNdqhlP4TZEL9QPxK4+Knavv3j4AQJWVjPg2cD9+l+h/vxnuHlNgXA78VD9ZfupTIqauwbg/hOduobFubHu5oeat/OWepfPY6RHWxA6HdWG4ImUh6TlnHu+FtPdY90+RlyRRCEIBNOXkLjY72nwHIeZm6Q9avN2SmMh5LzPvAQDt3siw7ux5e8saPh9lV29g+ZZ038BJ2JQMvOWvb5VfX2lvMyDiVK61M677Hh8BLUn6Tssvy862iq/sRV0Hi0fyKqnximQRwbc2Y7fbELEo1Ei/Et7PIX7D9s13PmZFBxLcVjYSPmD6feFbcSm6qx8K9O1xyN1bwAj9FNeLSK03CjzMyrHZUqpO/CAN/OJZOZ2FvzlPAejCQppnJ9BMZrqvqtG9bg/bNkMiaMbJW7iQ8rEOzLN8lajQ63fEY+4cfUB195RVhENP1Dt/l27CzwPnH4BCEJB6rFZtVg00wB2O4g0vql1oarHqbg7U7F5oaxMEfC4S9pktyZuu0oXU1ZdXBau4/ERFnx9Mc049TWXt59ZWjGHR8HS9mRdu7c3JPIT3UMRczG7v1jmhkmxb8rK4cq0BU5vz5IPL3lfCy6b+KugNw1gAEjkRA5/nZX5WV/lOg03K+KxQx+teTSbq1Hw2Wt6DZbOvv4zXp13wueF3+Xby/SOpPLjoYQhIrGxxXWzt0Ubmcv2jO1uQ31E8vcy5rFnZ4DAdXIWQSpNdVS/U53liX8WtEo7PENpHesO/2T23ULsa1hkYzdlv3XXyjbVMuJ2VLcDBeFW8pGyK9Sp/avY9fiUO/KFMtThZx48a0U3enI/dHsJchKiuS6uwPIjykjExMHJcL29osP7p2EuN3EAHsIGDtufSa7K0tQq6hlPgZlCRlKv0llbixn2/2k/zir2ZuMdnLj1I3EvEgdTtNb30gbO67eplNSa9UtH1BTMrNQWwb8JVh4xx6cK8/ShJ8VP6RTI02msbrkBPSwiFmFbHDkWJ3XHPcRuvWGAAsqB9QZMPdJG++3lCVcW69Wx2+riT3EaryKrR3LFPsZz+PjtkMVRl4h4E7bzy2i3Hb5ilT4GZ2bh/LpoSTpOVY9hqduIbbjeVpWXqnhO8MriWh7KKw1vDsvLnPJsrO42kWJGPpfCDbnWBV33K8X5mMrqWNWy04tTPz27i8oDShZaXyrntG/Jd9htNz3YeFWVV66225Acz+EqstQoGRhuu3MDiX3E53ctQGH1VmdDpuS2ViB3ILgkHlIt1XY519Hg2+35iIl/V7Du+Ixa7PEjn7+M3yVoNm+PZWf3G3++VZFRv8QPyprHjuYrhpx6pUvgn8hN2tHi1CpfJR+c80kcWqOfJTL8T6q5iZLovwtiowPPfxios1WrYNTVaB1IOxjGZgjKYOLrK2A2HD0i/wOdWflZpIHQNIrbg21ZNju1AqvrOzbjnzjNh723lNODivjix7X47bDuxmxvqMJXkn5WdYm611sv8AucbR22xKqy7nZRImVnvkPsBsg6LKkjF3ttPfdmJ9ZmcVagDexBPRF6/0m1mGDSrEA3uOQP7oiZuZ28Sx/GVqCy0jlWorHp1++aSSTuTufWbr1FfdY72eIHRf6zUqs7cKqWJ8AIVjPY7XpeS43IVfcwbSslRyCt7GE0kCVIIJBHiJusyL7kCu5ZR6QXtsS3vJs3k677yxh31ZSbNUquOo25GSydNQ67GqsDodmEtYup1WgLaezf16GY5mmLYC1Oyt5eckPVZW/AyMG6bbSnXTAgjcHcTNDswiOnYjY1fE5PG3hvyEcHWRlrzME5Vik3uiAbFV8YVaZiUj9mGPm53mGrs641Zrdk3sAJB8DE7tOau+hGvtsSw7MR4Q0p42PXQ1vZtvxtxcPgJK1heDUKrP4gIziYgw9T4aw5ravmTz57zXr427BvUj8onRq0duz1C2vwZT+cuznsI8Or1+v6ToYqTiDq/+qJ7Ce6N/qN3/ABP5w1ocOoVN5qPznmlHh1Rx5gx8Pp7Pxcu1+PHvKjb6N9pLCt23Y5WRfXZ05d4fnKuoU5tzBcexUr2589iTE6NOz6DvW9KnzIBP3kQqpiY5xqezNjWc99zA9TDEXISsjJsFj78iBtymnOt7HGtcHmBsPeRKj6nlG+4op+Wh29zMdMpFuUCei84pKeijnYfHl/OaW+QlmWG3KsY+ew9pv09QqXZDDfsl7o9YpcNrnB/iMe04dti5NG/eYbiD4RUNdaB1ZjOgw8VMasADdj1bzkPEcU5SM/IA7H08J0akFQR0kqV7CeMyqN2IA9TNa5FTNsrhj6c4R7dSl6FXG48PSKLjHHbfy6GPw6wawrsWxdwefiJkVBIJAJHSeLWiElVAJ8plAIQgOsgxz7xj4wc1iw8QAUxU6jmA7HT7Ps3/AEjmbjfFY5r4uE7gqfIxRU1ZOXaUuPX/APIabcbUGuyFpsx3qYgnvRb/ABB+yp/5GMYuNkfFHJy2UsF4VVegiuvnc0J6k/lKFsX/AFWn+/CdFOewRxaunp+k6GKn+eRH/wAQJ3abB4EiKYj8GqUv4Pt+Mq6xV2mA5HVCGkEk9lVYv1IdonC9jrITCmwW0pYOjAGZyKJK1Xi4LKgCS2zLt4+f9+sqxHVK37Bb6vrpPF9njEHP3Y9lHD2i7cQ3Ed0Z+G518wDN+Rw6jg8df7ROfD4+okqi1qLlcdQeYmjsM6pQasott3X5j+cWoufHtFlZ5j8ZeZKtQxRz5HmCOoMj5GBfQTupZf4l5wSt7jEzTxh+wtPUN0MyXEsrTu5yqvo0m8J3222m+vGsfoYDPBiI3zr3vI8B0jlOUm3DVVwCK06fYTzB+3lH6sQIOZ+6RmsbMhlG+34xN9UdG24B98otRWR3t/vmh9NxrP4gfRoJn1pp1dGIFqlfXrKKOrqGUgg+Iku7R+RNNm/o00YmRZg5HZWghSdiD4esLn4uzJBuwmIO43HSbKhy3kSNkIQhoSFrDceo1p/CBLs5m23tsy+/wG+35CWJeGtGXtNQts8FU/nLkl6DXw472H99vylSKrF0FiMjcww2M5fsyll2O3UHl7idVImtUGq9MlByPJveIlmwxod/aYxpJ71Z/CU5zeNf8LmpcP2b9fadGCCAQdwYqy69nhAI2PQz2Eg53Jrt0zN4q/obmPIjynr0VZ+9mOwS396sy1l4yZVBrf7D5Gc1fTbiXlG3Vh0I8ZRtr+LwbNwjL5jbcGPVaqhG1tbKfTnFadVuQbWAWDzPIxhdUxz9dBHsAYSmRl4jnqCf+B/SMVlWXdBsPbaIf5rjL9Nbb+wE0W6s7DatAvqYTFS26upd3YCI26lvyrX7TJj2vY3E7En1nnFKuHGzLWP1bewmIy7l6Ofti3FPOKDFPH1LvBbRsPMRjOxlysfiXbjA3U/ykMmUtIySX+HO5B5rIZhrSbTdjBD9SHY+0pDkJpxsWvGD8A5udyZvkUQhCApqV4x8J237zd1fczniCtCoPqsO8d1S/wCKzRSp3SvqfXxnmm0/FZ/GR8urn+ksS9xaxKRj4tdQ/dHP38ZuhCRRNWVQuTjvU37w5HyM2wgcqEYF8azkynl7yto2Zxp8NZydPp38RPNYwi6/E1Dvr9W3iPOSw7HhvqPDanXaa6nK6mEVwMxMyniGwcfUvlGplRNGVi1ZdXBYPYjqJvhA5fMwLsRu8OKvwYRWdiQCNiNx6ydk6PRaS1RNTHy6fdLo5+Eeu0jKq+lRYPNT/KKtRch2apx7rKrCG8OFv4T90yWm1zstbn2EDHeG8cp0rLtPOvgHmx2lHG0WqshrmNh8ugjRJxcO7Lfate74segnQYWFVhpsvNz1Y+MYVVRQqqFA8BMpnUEIQgES1PMGLjkKfmPyUeXrGMnITGpNlh2A6DzM52y5si1sm/p+6v8AKWQtxr2NdfD1ssnQ6di/C4qqfrbm3vJ2kYhut+KuHIHuDzMtxUkEIQkUQhCASDqWE2Lb8RQPlk8x5f0l6eMAwIYAg9QYHMV2NU4yMY7EfUsvYWbXmV7qdnH1L5SXnae+I5ux9zX4r5f0iiElhbjsUsHPYTXU511MJMwtWSw9nk/Ls8/AykDuNxMq9hCEAhCKntFyQO0Lb7kjwA8PxhLcM8I8hPYnQ9hdRxkl6+Lnz2MwFlgoYGwk9twcXjtLif0fhNGKzFXDMW4XKgnrtN8jU9EIQgE05OTXjVF7W2HgPExbN1OrGBVPmWeQ6D3ke53uftspj6LLIluMsi982w23HhqXoszwsVs+7dhw0J/e0MTDsz3DN3KF/H2l+qtKawlahVHQCLST7WSqEUKoAAGwAnsISKIQhAIQhAIQhAJKztJDk24vcfrw9AfaVYQOVc7N2eShVh47c5vx8rJxB8p+1q8jzl3IxqclOG1A3kfESVfpF1JL4r8Q/hPIy6mZw1j6vj28rN6m9en3x9HVxujBh5gzmLCynhyaSD57bGeJwqd6b2rPvtGG/rqpoSl1tdi4Ic8+XORkzc+scrFsHrsZtGrZa/VQp++MpsqpTjmtwzPxcK8I5eExOL8tl4+ZfjB26Sf/AJzf/wDGH3meHV8o/TjqPvj1MitTV2StudyzFiZmSFG7EAeZkF8/PfxWsegEWsJc75GSXPlvvGLsWsjVcagbBu0byX9ZNvz8rLBC/Jr8dv1iiMvFw0VF28zzjtOl5OQQ2Q3Zr5eP3R5D2klKo3DUDZYfHaUsPSWsItzCfRP1lHFwqMUfLXveLHrGI0kx4qhVCqAAOgE9hCRRCEIBCEIBCEIBCEIBCEIBCEIGLoli8LqGHkRvErdIxLOYUof9pj8IEZ9D2/ZXke4ms6Tmr9NyH/sZdhLogf5bqH8S/wDtMhpWc3W1B/2P6S7CNTIirobn9rkfcIzVo2KnNuJ/cyjCTVYV011LtWioPQbTOEIBCEIBCEIBCEIBCEIH/9k="
不伦瑞克,,A,"data:image/jpeg;base64,/9j/4AAQSkZJRgABAQAAAQABAAD/4gHYSUNDX1BST0ZJTEUAAQEAAAHIAAAAAAQwAABtbnRyUkdCIFhZWiAH4AABAAEAAAAAAABhY3NwAAAAAAAAAAAAAAAAAAAAAAAAAAAAAAAAAAAAAQAA9tYAAQAAAADTLQAAAAAAAAAAAAAAAAAAAAAAAAAAAAAAAAAAAAAAAAAAAAAAAAAAAAAAAAAAAAAAAAAAAAlkZXNjAAAA8AAAACRyWFlaAAABFAAAABRnWFlaAAABKAAAABRiWFlaAAABPAAAABR3dHB0AAABUAAAABRyVFJDAAABZAAAAChnVFJDAAABZAAAAChiVFJDAAABZAAAAChjcHJ0AAABjAAAADxtbHVjAAAAAAAAAAEAAAAMZW5VUwAAAAgAAAAcAHMAUgBHAEJYWVogAAAAAAAAb6IAADj1AAADkFhZWiAAAAAAAABimQAAt4UAABjaWFlaIAAAAAAAACSgAAAPhAAAts9YWVogAAAAAAAA9tYAAQAAAADTLXBhcmEAAAAAAAQAAAACZmYAAPKnAAANWQAAE9AAAApbAAAAAAAAAABtbHVjAAAAAAAAAAEAAAAMZW5VUwAAACAAAAAcAEcAbwBvAGcAbABlACAASQBuAGMALgAgADIAMAAxADb/2wBDACAWGBwYFCAcGhwkIiAmMFA0MCwsMGJGSjpQdGZ6eHJmcG6AkLicgIiuim5woNqirr7EztDOfJri8uDI8LjKzsb/2wBDASIkJDAqMF40NF7GhHCExsbGxsbGxsbGxsbGxsbGxsbGxsbGxsbGxsbGxsbGxsbGxsbGxsbGxsbGxsbGxsbGxsb/wAARCADJAMkDASIAAhEBAxEB/8QAGgABAAMBAQEAAAAAAAAAAAAAAAMEBQIGAf/EADwQAAICAgAEAwUFBgUEAwAAAAECAAMEEQUSITETQVEUImFxgSMyQlKRFTNDobHBJGJy0eEGNFPwc4Ki/8QAGAEBAQEBAQAAAAAAAAAAAAAAAAEDAgT/xAAfEQEBAQEAAwADAQEAAAAAAAAAAQIRAyExBBJBIlH/2gAMAwEAAhEDEQA/APQREQEREBERAREQEREBERAREQET4TobMxsnOvzMlcbCJVT3s9fU/KBtROUXkRV2Toa2fOdQEREBERAREQEREBERAREQEREBERAREQEStl51GHrxX94jYUdSZl3cRyrm3WwpQ/dGtn6wN2Jh0cSyaLV9pYWUk6J1or8Zq5eQuNjNaeuh7o9T5QKHFsss3stbaGt2keQ9I4aKsXEbLvITn6Lv8vkJl3kpSSxJew+8fX1kzu1vK9nRUGkTyUf7wLORxPJvsWrFQpzdF2Nsf9hNClxh4yjMyQXPUlj/AEmHjtervYG5ObpvXXX9p9ZVBLsC7ep6kwNn9rYW/wB8D9DJKs/EtYKl6Fj2BOp50m9z7q8q/PrLdFmPSwdsNncebWc0D0ETLXjA37+M6r6ggzRpurvrFlTBlPmIHcREBERAREQEREBE4ttrpQva4RR5kyB+IYiU+KblKnto7J+kC1IcjLoxhu6xV9B5n6Sgb83PH2A9mo/8jdzKjW8Ow2JAOXd5sx2NwL37Usv/AOzxLLf8zdFnLJxS0E2X00D/ACjtM1+K5uS3JQOQeS1rsz4OGcQyTzWBh/8AI0CvxBGTK02QMg6++Dv6STxlD1MfukEfKWl4DZ/EyK1+m53+w69aOZ/+f+ZLqT6qLHpxb6j42b4dhJ2p1odfjOrkZSlYzRk1L10Pw+khyuG10OqJkixj3AXsP1kNt4qIrrHRT1lRYdA7KT+HrOpR8c2P77lV9FlqqwOPdDaHmYVJPjuqDbMBIbXsO+XSKPxHzlc8ivuwu5+WoFg5deuxM7quW3egRr1kFa0XbUKVbynCA1ZfKvbevpA0MTFXJyXre2xDy8y8p/WauBhNheIDb4isdj3daMya7TjZVV/4VOm+RnoQQQCOxhH2IiAiIgIiICUuKZxwaAyrzO50u+wl2ZXGh4xx8QD37G2GPYQPP222XMWsdmJO+pk2BfTj3F7qvEGug+M+X4j05RoBDsO5HaffYbdfh/WS6k+upm34sPfm8Vs8OsEJ+VegA+Jl3H4Pj0ANkt4j/lHYTjhWb4WsO5BWx6KwGtn4y8wKsQe8x83luJ6XOe326V1qXlprWsfAT4bGbuxnMTxa8mtfa1mZEd1yVLtz37AdzKd2VYw7ipPXuf8Aifcsn2oAKWblHKB9ZTyQzsKuUqw6kGerw+LHJb9Z61UoepOb3xvzJPUypcaHJK83MZ9bG5feZwF+MlpCMPcrPQ/eaepwpoSrb3r6S9TYH5UVyzsdDY1JeUEhFTnb0k1OAvieJaoBHYKZnvyTE9rJarZnD8ugi0HxFXrzJ5fSTU8Soy6xTxBBvysE0myFxMdrrCeUdAvqZg2pZmXNctS1q3YDoJc77nt9H63vIsXYJwj46/bUke66+XzlbFBe17CJZxLcnA3zAWUH7ybkmVUiY/tmEQaGPvIfwmdSy/Cyz6qWs5yfDUE840BPU0p4dNaE75VA/lPOcxR6slB1Qg69RNL9sqDv2ezk9djf6So1ImPbxW+3/tlVE8mcbJ+ks8Oz2yHNNwUWgbBXswhF+IiAiIgJj8ayAtlIr962lvEPwHpNLLyBjYz2kbIHQep8p513FaFrjt36t8TAn4qfBzq8lRtLk/8Af7T7XdXYNqw+Up5Gb4+FTjsnvV/i3OaOH3XVhxoKe2zMvJM/beNcbufUd51lbBQrAuD5eU1bM7GCVlr1LFRza69fpM8cIb8dygfATm7AopqdjkAsBsDYG5nb49T9elt71bbimMD0LH5CRni9Y7VsZQxMR8p+nRB3aao4bigfuyf/ALGZ6z4sXlJdVWPFl3sUdfUmRvxV3IHIFHn1k11fDqH5HTTDy6yrlvhmsDHTTb6nrO8TFs5mpe/9fXNOvFPvk9tn+U5qyk/iqxHkEOhNGjBo8FOZNsVG+p6z62BiAFmrAA6k8xEt/Iz89n6VBTxDFrHStk38JYXiGK38XXzBkHseA50tg36CwSpm41VLpXQWdm663ucTPj3f6vbFvjF9VnsypYr1jq3Kdz6liMu1Ya+crU8Ktdd2MK/h3M6bhFg7WKZprfjvrq4us/x8yspAhRCGJ6bHYS1lVMvDsLCTo1pBP9f6mUjw2+shiFZR1Oj5TTw7l4hxRbVUiuivoD6maYuef5rjdtvazwzY+6blZXTp27zrxV8LxPLznppj8T4c/M92MvMH+/WPX1E0cs0nnIAZqveAca6iWcdbMfi1NNh26trmH4lInx6Xz+Gi5VIyKfcca6sJr49CWLj5NifbCsDfzEItxEQEdh1iZXHcrwqVoB0bPva/LAgz8r2yxVrP2KHe/wAx/wBpk5evHMttRdQ9DW+6LQeVPyyplKRcx1033hUdXKLU5xtNjY+E9KoAAA7eWp5iegwLfFxEPmBozyfkz1K0xXHE05sJ/wDLozCnpbU8Sp0/MpEyBwq/zKD6yeDyZznlpuW30s8Gb7CxfRt/ymjMzhGla9N70R/eaXMPUfrMfNP911n4wuJn/HWfT+kr1Lz2oo7swE1sjh6X3NYb9c3lqVcemtOJKivzqnUk9Os9WPJP05P5GdntsgaGhOL61tqatmKhumwes65l/MP1mTxizmuRB2Ubnk8eLrXGuryJX4VUAWFzAAb6gGfOEUdXuI6fdWZqczMEUn3ump6KisU0pWPwib+W6xnlves88t6kmNxLMZr+SpiAnmD3M1Mk2ChvBXmcjQ6zAsptr62Vuo9SJz+PmW9q7r62VeyFWtYqe4Jm7/09TyYbWnu7dPkJ55FLuFHmZ6HhOWKwuHboEfu2H4vh857ZJPjNrRESo+aE+xEBERATOvwWyOK13ON0og7+Z2ek0YgZHGyGvxkH3hzMflKNiCxCp85e4xWRk0Xa6EFD/Uf3mdTTkeBZkoOetXIZfMfGFUnqZFBI6GS4+ZbjIy1603XqO0uKVsQHW1PrPgqrB2EAPynNzLOURLkZ1y/vCB66AkdxylTb3MR/qMuSO9Veshm5R6yTGZ8i9rODFexI+U+bJ85KRSv4mb5dIFqL2qB+JO50iKdBHbsrH5CaWNj3ZdZFVaKQNknsJqYXDUqp/wAQq2WE9SeoHwEqPMEEdwRPk3crhN3iuagrU9wpPUfKYttZrfR7eUK4BIOwdGT1ZF/MqC5wCdd5HSgsuRCdBmAJ9Jrfsa2p+ep0s12DdJLJfoi8TKUALkb/ANSiVcw5Frc1vUDty9hJ2vFdrVWjkdTo9diSDTDp1BkmMy9kXqrh1HfiHt5Se1OZOnRh1U+hlemzwrmrP3d9PhLk6Rr8My/bMRXP3191h8ZbmHwRvDzr6fJl5h/79ZuQhERAREQERECHKx1yaGqY632I8j6yrwrGvxlurvAIL7BHY9JoRA8/k45wsgoR9k52jeXyldavEzFR7mrR+gYdtz0t1Nd9ZrtUMp7gzKu4K/UU3+4fw2DevrAq1Yl65NmM1v2i9U5h0cfOQWXKrtVehVgdEHrNY4GScRee1WyKjutx/QyrmUrxLF9oqXWRX0sTzhWacUWdaRY3wCEyvykPysCCDogzb4NncyjFtOmH3CfP4TN4nS1OdZzDQY8yn1EDa4I7Gu5CulV9hv7SpxTOyFzGrR2rVOgAPf4yThfEaqaCtpIUnYIG9HzE0jRi5qrcUWwEdG+EI+YF73YSW2A82uvx15zzeZZ4pazl5d2Hp6T0VmdiYxNPPpkGuQA/pPN5lvi3HQA2xJA9TAiqBNyBRslhqemz8xcPHLHq56KPjM/Cxq+H0e15WufXuL5j/mRY1VnFsw3XHVKd/l6CQfeG4isGzsw/Zrthv8R9ZCzWeJ7TyBKrX0FA19ZcybkzLfDDBMOnuewYyG+4ZViBFK01np8TKKuUF8avf1luUcsfajRJY/ylzfKmz5DrCp+FDfFXPktXX9RN2ZPAqiUtyGH7xtD5Ca0IREQEREBERAREQEREBM3OosxrvbsUbP8AFT8w9ZpRA87nYiZFXt+FvR6uo7qfWdUZNXEqBjZR5bR9x/WW8ml+H3NlYy81Tfvav7iUc/CS2v23C61nqyj8JgUr6bsK4o418fJhJKeIW0ry1syD0U9P5yxjZ9WRWMbPAK9ls8xOL+EXLaoo1ZW3Zt9vnCqj3s7HlGmY9T3Jmji4leBUMrN+/wDgr89yQVY3CK+ewi3IPYekoKuTxbL6nfqfJBA73kcXzQOyj9FEv3upA4fhHlRR9q48pxfamJUcPA1z6+0s9P8AmUaccpvn0d9+pgT5tVBSuqhtsnkOo+ZkT2DHrAZuZ50S2tVpyj1PSQMlKNzWWF29B5wGPWbGNtn0liup868UVfcH339BJcbCyM3Xummn1Pc/KbeNjVYtQrqXQ8z5mB3VWtVa1oNKo0BO4iEIiICIiAiIgIiICIiBBl5VeJT4lmz5Ko7kzHvz8q7qbRQn5V7/AKznPufI4kyIC7IeStfj5mQvimrKK2tzsgG/TZgfWRn6vda2/V4pyPYH5qmBH46ye877xjWWYhbkrqsDHZ5h1/WFdZWDVmVHKwNEnq1cqY3EcnERqwdjsA34TLPtKpf4tCHGuPdT9x/9pO4wuInd3+GyF++D02P7wM7Gxr+I5BOyeu2dvKXb8qvFq9kwAx/8lijZMmQtlj2XAXwsVej2/m+U1cfHqxqhXUoAHn5mEedrF3LqrFtI/wBMlTD4jaelIrB82InoogYicEtfrkZP0QTQxuG4uNopWGb8zdTLcQEREBERAREQEREBERAREQERECpRgV05duTss7npv8Mx8kkZOX+YOT/KejmVxTEIs9pQbBGrAP6wM9ce3Hxa7j79LjZI7ofjIba+osrZteYU+Xwmxwa1Xxmx20TWf1U9pU4hgnCY30daCfeT8sKiuxbUxxapGRjsN7A6j5iT8NpozqmoyF5zVoo3Y8p8tzrg1/JkPjE7Rxzp/eX8bArxcm22snVn4fIQizWiVoERQqjsBOoiAiIgIiICIiAiIgIiICIiAiIgIiICIiAiIgVqsGinJN9alWI0QD0P0k9iLZWyMNqwIInUQPN8O93iWOu9lGdf5GekmFg47ftu0gEJUzH9ek3YCIiAiIgIiICIiAiIgIiICIiAiIgIiICIiAiIgIiIHwAAkgAb7z7EQEREBERAREQEREBERAREQERED//Z"
杜伊斯堡,,A,"data:image/jpeg;base64,/9j/4AAQSkZJRgABAQAAAQABAAD/4gHYSUNDX1BST0ZJTEUAAQEAAAHIAAAAAAQwAABtbnRyUkdCIFhZWiAH4AABAAEAAAAAAABhY3NwAAAAAAAAAAAAAAAAAAAAAAAAAAAAAAAAAAAAAQAA9tYAAQAAAADTLQAAAAAAAAAAAAAAAAAAAAAAAAAAAAAAAAAAAAAAAAAAAAAAAAAAAAAAAAAAAAAAAAAAAAlkZXNjAAAA8AAAACRyWFlaAAABFAAAABRnWFlaAAABKAAAABRiWFlaAAABPAAAABR3dHB0AAABUAAAABRyVFJDAAABZAAAAChnVFJDAAABZAAAAChiVFJDAAABZAAAAChjcHJ0AAABjAAAADxtbHVjAAAAAAAAAAEAAAAMZW5VUwAAAAgAAAAcAHMAUgBHAEJYWVogAAAAAAAAb6IAADj1AAADkFhZWiAAAAAAAABimQAAt4UAABjaWFlaIAAAAAAAACSgAAAPhAAAts9YWVogAAAAAAAA9tYAAQAAAADTLXBhcmEAAAAAAAQAAAACZmYAAPKnAAANWQAAE9AAAApbAAAAAAAAAABtbHVjAAAAAAAAAAEAAAAMZW5VUwAAACAAAAAcAEcAbwBvAGcAbABlACAASQBuAGMALgAgADIAMAAxADb/2wBDACAWGBwYFCAcGhwkIiAmMFA0MCwsMGJGSjpQdGZ6eHJmcG6AkLicgIiuim5woNqirr7EztDOfJri8uDI8LjKzsb/2wBDASIkJDAqMF40NF7GhHCExsbGxsbGxsbGxsbGxsbGxsbGxsbGxsbGxsbGxsbGxsbGxsbGxsbGxsbGxsbGxsbGxsb/wAARCADJAMkDASIAAhEBAxEB/8QAGgABAAIDAQAAAAAAAAAAAAAAAAQFAQMGAv/EADsQAAIBAwIDBgMGBAUFAAAAAAABAgMEERIhBTFBEyIyUWFxFFLRBoGRkrHBFkJiciMzNKHhRFNjgvH/xAAZAQEAAwEBAAAAAAAAAAAAAAAAAQIDBAX/xAAjEQEBAAICAgIDAAMAAAAAAAAAAQIRAyESMRNBBCJRMkJh/9oADAMBAAIRAxEAPwDoAAAAAAAAAAAAAAA89pD54/iN6GZPTFt9AnlZNVaacMRkn7MW9ROkstJrYznJPPxW8ettwMao/MvxMl97VAASAAAAAAAAAAAAAAAAAAAAAAAABorW6qbx7sv1N5iT0xbfQrlJZ2mWz0r1GdNvVjYzFVJtRhhJ9TdGjKq9U9o/qeVTlbzT5wzz8jj8L/lZ0139N9KjGnv4pebNoB2ySTUY3sABIAAAAAAAAAAAAAABC4tdVLOydakouSkl3llATQcxT47xGq2qdOnLHPEH9TEuPcQgk5U6ay2t4P6kbg6gHLS+0F9F4lCkn/a/qY/iK9+Wl+V/UkdUDlv4gvtOrRSxyzpf1MfxFe/LS/K/qB1RhpPmcvLj9/B4lCkn5OL+oX2gvpSUVGk29ktL+oHUjmczHjfEZJNUqeHl50Ppz6kyV5xGONVS2WXjeL+pW54z3U6XXIFN8VxL57b8rHxfEvntvysr8uH9NVcgo6l/fUsdpWtY55Zi/qelecQfKpbPr4X9R8mP9NVdApXe8QXOpbLbO8X9TPxfEvntvysfLh/TVXIKb4riXz235Wa6vEOIU6Mquu2ko88Rf1E5Mb9mqvQYi8xTfVGTRAAAAAAFZ9oVnhU/7kWZX8dWeFVvTH6gcrSqwVGVKpqSclLMTb8XDs9CjLHf578+REBW4yp2mxvKccLQ8astYW604/UK8prRiC7v9OcbY8yECPCG0xXVJVXJQ2bT3WemDPxVLVPEZRy85SWXtjG5DSbeEstmGsPDHhDaar2nrzOm5JOOE+mFhmudxF3VOqo7QxnbGcEY2UqM6udCW227xuPHGdm0lXcJy1Tg9bg4bcvRk92tWUNOVF5T1ptt75yVStqsYqo44in5+uC+jXpT16ZpqHifRGHL1rxWn/Ub4aq50254UUk8S8nz5dTE7Spojpl31nL1epMhONSCnF5i90z0Y+dTpGuKM6mlxSbSazlpmv4aqmpRcXJKO+cZx0JoImdhpBdpUlHvaW3GSby9svKPPZV1XUVF886svCWORYAn5KaQadpVUo65d3Um1q9BVpOjYVoNLdvGHzyycR73/TSXm4r/AHROOVuUhpew8EfY9GFyRk72YAAAAAELjEdXCrhf05/Bk00X0HUsa8FzlTkl+AHDAAAbKUE+9Pw5xhc2zWSKDlok1u6aykVy9EJVYQWiKbSW2dsM1KpLbZbeh45s902o1FrTx1Q1Iliaae8XHO+GbbWrSoycqkJSl/K1jb1NVSUZS7sdKR5J1uaqExXcXTUdMteNGpvo3n8S0laqUquZOMZuLSj6IoIeOPudQc3N+utL49tNNRtqEY1KiwureCFc8USi1QWXy1P6Em9tviKfd8a5ZeEVV1awttMXV1TfOKXIrx445Xd9l22x4nXXeypY5posbS7VytoSWOb6FDT/AMxe+CRYyxUa0uXlu1j8DXPjx11ESr8GFyRk41wj3e8aUfmqxX+5INFVaryzh51U/wAC/HN5xF9L4AHoMwAAAAAMNZTT6mQBwNSHZ1JQfOLaPJK4pT7LiVeOMd9v8SKB6g9OXnD8scz3rxvGKaSxueKcNcsZSXVs3SorVGOdOVluT5lbpLDrwzNqlFakkvQNwkotrZYb83uYVByliElJmppxeGsMST6G7s4TktLUdXJZzg0EiGMQWmevKw+hpq4dWWFjdiUYh44+5dXFxVrTdGz3lHxS8vQpVnKxzLS3hVtbStXdPTVe6z5exnyydVMe4cTjG3faJ9tHZx82VNScqk5Tk8uTyzdda2+0qUdDnvlcmRy2GMncRa9U2oyz6be5c8PtJ0I6pSazvpTKQlW9/WoLTnXHykRyY5ZTolX5FvbtWsIvGqUnsjTS4tSm0pxcM9eaM8WhGpaKomu69n55ObHDWUmUX310iw4rXdTdQ0vo0S+FdrccVpTqSTUVKaSecdP3Kq2odtUSU4p55PJ0PCKWm/rf+OmoZ93k6ZMZlqRTvS5ABqgAAAAAAAByn2jpaOJauk4J/t+xVHSfailqoUaqXhk4v7//AIc4ll7vAGyisp8+azgVpuc0tsdFHkYhlJzjJrS10PaUKjxFtSxzlyyU+9peVCcZNRlvjUvU9xrxep1KanLGIrojE2liMW9Sf5fZ+RiUN21OOcb4Y9+wnOpOOVJ6I7JM1NOLw1g9Kb06ZN6eeMngtJpDMPHH3Okr0+1ozp5xqTRzcPHH3OoOf8jqxbFWWcpRqys7mLm+md0lg3XHDqNWCUF2bXLBL0x1asLVjGT0Y3ku9zpbSgq8PuKX8mtecdyPKE4+KMl7o6cqOJUJUZOpGTdOo8OLfJm/HzXK6qtitJNvbVbqnJQl4P5W9iO00k2nh8i74X2fwi7N5l/N7mnLl447iJNvPD7J2+Z1NpvbBZcDWqncVvnqtL2Rorz7OjOflFssOF0ew4dQg+bjqfu9/wBzPhtytyqcksAHQqAAAAAAAAg8Zo9vwysksuK1L7jjTv2k00+TOGu6Pw91VpfJJpewGpyb9DKnJNPPJY3PIAkU5uopxyotrZJIw1JRUVFRktnhNavqaU8M30JQksSliWd89SlmkvFWlpw1JPPTGP1NRtr6dS0z1PrhYNRaekMw8cfc6g5eHjj7nUHN+R9L4gAOZZhvCy+RW1px4hcKhTlinHeUvP2Jl3QdxS0Kbhvl+p6t6MaFJQW+ObxzL42Yzf2h4lQoU7V05RXZxXUi8JoaYyrb4ltFegu43FzcKjolGinzS5k6jShRpqEFiK9S1usdb9n21XmZqnQXOtNR+7qX6WEkuSKazh2/Fk34beGf/Z/8F0dPDNYKX2AA1QAAAAAAAAHM/aW27O6hcJd2osP3X/B0xB4za/FcPqRiszh3o/cBxoAAAAAZjFyeIpt+SNltR7eqoalFdWy9oW1KhDTCKXm+rMuTkmCZNueXdks9GX1G/oV5qEZNSfJNGqvwuhJOUG4Pnhbo90OG0KTUnmcl1ZlyZ4ZxaSxLMnl7b5+8QnGazFp+zObSz0AABiUlGLk+SWTJGu81OztoeOtLT7LqWxx8roqdwSk1ayrzXerycvu6FkeYQVOEYRWFFYR6PR9MgAAAAAAAAAAAABxnF7T4S/nFLEJd6PsyEdbx2y+LsnKCzUpd5eq6o5IAAZSy0gNlr/qqP96/U6MgcPsewk6lTDnlqPoibUhqhJJtNrCaOLmymWXS8mke8vaVvFxb1Ta8K6Gy2uqVzHMHv1i+aOellSalzzubrKEql1TjBtPO7Xka3hxmPtHkv6jSpyz5Mp+FVuzuezb7s9vvLpRS6FfUsMX0KtPaGdTXkzLjyx1catViADFLBnhMPiLurdtdyH+HT/dke6nJqNClvVrPTH082XVtQhbW8KMF3YLHudXBh/splW0AHSqAAAAAAAAAAAAAByXHLB2lz2kF/hVHlej8jrTTd21O7t5Uaq2l18n5gcKDfeWtSzuJUaq3XJ+a8zQB0lvUVSjCSfiRsbwjmlVmoKKk0k8r0JVrxCpCpCNaTlTz15o5MuC+4vMkupwuNSpKfaOOp5xjkbLWxhaVHU1OWVjdciYmmk08pmu4rQoUZTnyXTzM/PO/qnUbDznU9mUcri5upKnGUnnlGOxc2tF0KEISeZJbsnPj8J3SXbceZyUIOUnhJZbMmqhRfErjT/0tN95/O/L2K4YXO6LdJHCLeVSUr2tHDmsU0+kfP7y1MJJJJLCRk75NTUZgAJAAAAAAAAAAAAAAAAEPiPD6d/Q0S7s14ZeRyN1bVbSs6VaOmS/B+x3RHvLOje0uzrRz5Nc0Bw4LO/4Jc2rcqadal5x5r3RWNNPD2YFjQ4koQjT7LZbLE2WFe1hcRSqZ25YbOfh44+507aSy3hHLzTwsuK87a6FvSt44pxx5vqzY3hZfI0Tu6alpp5qz6Rgss3UeHV7vErx9lS/7UXu/dmePHlnd1O5GqnCpxGo6dFuNBeOr5+iLqjRhQpRpUoqMIrCR6p04UoKFOKjGKwkuh6OzHGYzUUt2AAsgAAAAAAAAAAAAAAAAAAAAACPcWNrc/wCdQhJ+eMP8SQAKuXALFvKjUj7SPceC2aeZxnU/um2WIA10aFGhHTRpwgv6Vg2AAAAAAAAAAAAAAAH/2Q=="
杜塞,,A,
巴黎,,B,
乌尔姆,,B,
卡鲁,,B,
波鸿,,B,
柏林,,C,
慕尼黑中企,,C,
斯图加特,,C,
帕德博恩,,C,
多特蒙德,,D,
学生联,,D,
弗兰肯,,D,
开姆尼茨,,D,
